Workbook

Sheet Summary
A1: Top 200 All-Time Players - Five League Challenge Dataset | I1: Date update
A2: League | B2: Players | C2: Top ranked player | D2: Average rating | E2: Players rated 90+ | F2: Generic positions left | G2: Generic clubs left | H2: Notes | I2: Column E updated; filter Date status in column K on each league tab.
A3: Premier League | B3: =COUNTA('Premier League'!B2:B201) -> 200 | C3: ='Premier League'!B2 -> Thierry Henry | D3: =ROUND(AVERAGE('Premier League'!I2:I201),1) -> 86.9 | E3: =COUNTIF('Premier League'!I2:I201,">=90") -> 54 | F3: =COUNTIF('Premier League'!C2:C201,"Various") -> 0 | G3: =COUNTIF('Premier League'!D2:D201,"Major*") -> 0 | H3: Ready for league-based 5-a-side pool
A4: La Liga | B4: =COUNTA('La Liga'!B2:B201) -> 200 | C4: ='La Liga'!B2 -> Lionel Messi | D4: =ROUND(AVERAGE('La Liga'!I2:I201),1) -> 86.6 | E4: =COUNTIF('La Liga'!I2:I201,">=90") -> 50 | F4: =COUNTIF('La Liga'!C2:C201,"Various") -> 0 | G4: =COUNTIF('La Liga'!D2:D201,"Major*") -> 0 | H4: Ready for league-based 5-a-side pool
A5: Serie A | B5: =COUNTA('Serie A'!B2:B201) -> 200 | C5: ='Serie A'!B2 -> Diego Maradona | D5: =ROUND(AVERAGE('Serie A'!I2:I201),1) -> 86.6 | E5: =COUNTIF('Serie A'!I2:I201,">=90") -> 50 | F5: =COUNTIF('Serie A'!C2:C201,"Various") -> 0 | G5: =COUNTIF('Serie A'!D2:D201,"Major*") -> 0 | H5: Ready for league-based 5-a-side pool
A6: Ligue 1 | B6: =COUNTA('Ligue 1'!B2:B201) -> 200 | C6: ='Ligue 1'!B2 -> Kylian Mbappe | D6: =ROUND(AVERAGE('Ligue 1'!I2:I201),1) -> 86.6 | E6: =COUNTIF('Ligue 1'!I2:I201,">=90") -> 50 | F6: =COUNTIF('Ligue 1'!C2:C201,"Various") -> 0 | G6: =COUNTIF('Ligue 1'!D2:D201,"Major*") -> 0 | H6: Ready for league-based 5-a-side pool
A7: Bundesliga | B7: 200 | C7: Gerd Muller | D7: 86.6 | E7: 48 | F7: 0 | G7: 0 | H7: Ready for league-based 5-a-side pool

Sheet Premier League
A1: Rank | B1: Player | C1: Primary Position | D1: Main Premier League Club(s) | E1: League Club Spell(s) | F1: Prime Score | G1: Legacy Score | H1: Longevity Score | I1: Overall Rating | J1: Short rationale | K1: Date status
A2: 1 | B2: Thierry Henry | C2: ST/LW | D2: Arsenal | E2: Arsenal: 1999-2007, 2012 | F2: 100 | G2: 100 | H2: 92 | I2: =ROUND(F2*0.55+G2*0.3+H2*0.15,0) -> 99 | J2: Peak-level all-round forward: goals, assists, aura and Invincibles legacy. | K2: High confidence
A3: 2 | B3: Alan Shearer | C3: ST | D3: Blackburn Rovers, Newcastle United | E3: Blackburn Rovers: 1992-1996; Newcastle United: 1996-2006 | F3: 99 | G3: 100 | H3: 98 | I3: =ROUND(F3*0.55+G3*0.3+H3*0.15,0) -> 99 | J3: Premier League benchmark goalscorer and title winner with Blackburn. | K3: High confidence
A4: 3 | B4: Mohamed Salah | C4: RW | D4: Liverpool | E4: Liverpool: 2017-2026 | F4: 99 | G4: 97 | H4: 93 | I4: =ROUND(F4*0.55+G4*0.3+H4*0.15,0) -> 98 | J4: Record-breaking wide forward with elite output, consistency and title-winning legacy. | K4: High confidence
A5: 4 | B5: Steven Gerrard | C5: CM/AM | D5: Liverpool | E5: Liverpool: 1998-2015 | F5: 98 | G5: 98 | H5: 95 | I5: =ROUND(F5*0.55+G5*0.3+H5*0.15,0) -> 98 | J5: Complete talismanic midfielder with iconic peak and extraordinary influence. | K5: High confidence
A6: 5 | B6: Wayne Rooney | C6: ST/SS/AM | D6: Everton, Manchester United | E6: Everton: 2002-2004, 2017-2018; Manchester United: 2004-2017 | F6: 97 | G6: 99 | H6: 97 | I6: =ROUND(F6*0.55+G6*0.3+H6*0.15,0) -> 98 | J6: Teenage phenomenon turned complete forward and all-time great league contributor. | K6: High confidence
A7: 6 | B7: Frank Lampard | C7: CM | D7: West Ham United, Chelsea, Manchester City | E7: West Ham United: 1995-2001; Chelsea: 2001-2014; Manchester City: 2014-2015 | F7: 96 | G7: 100 | H7: 99 | I7: =ROUND(F7*0.55+G7*0.3+H7*0.15,0) -> 98 | J7: Unmatched goalscoring midfielder with huge longevity and Chelsea dynasty legacy. | K7: High confidence
A8: 7 | B8: Cristiano Ronaldo | C8: RW/LW/ST | D8: Manchester United | E8: Manchester United: 2003-2009, 2021-2022 | F8: 100 | G8: 98 | H8: 82 | I8: =ROUND(F8*0.55+G8*0.3+H8*0.15,0) -> 97 | J8: Devastating 2006-09 prime, Ballon d Or-level peak and global superstar status. | K8: High confidence
A9: 8 | B9: Kevin De Bruyne | C9: CM/AM | D9: Manchester City | E9: Manchester City: 2015-2025 | F9: 99 | G9: 97 | H9: 91 | I9: =ROUND(F9*0.55+G9*0.3+H9*0.15,0) -> 97 | J9: Premier League-defining creator in Guardiola-era City, with longevity at elite level. | K9: High confidence
A10: 9 | B10: Roy Keane | C10: CM | D10: Nottingham Forest, Manchester United | E10: Nottingham Forest: 1992-1993; Manchester United: 1993-2005 | F10: 97 | G10: 99 | H10: 91 | I10: =ROUND(F10*0.55+G10*0.3+H10*0.15,0) -> 97 | J10: Dominant leader and competitive heartbeat of Manchester United supremacy. | K10: High confidence
A11: 10 | B11: Sergio Aguero | C11: ST | D11: Manchester City | E11: Manchester City: 2011-2021 | F11: 96 | G11: 98 | H11: 91 | I11: =ROUND(F11*0.55+G11*0.3+H11*0.15,0) -> 96 | J11: Elite finisher, iconic title moment and long spell as City talisman. | K11: High confidence
A12: 11 | B12: Paul Scholes | C12: CM | D12: Manchester United | E12: Manchester United: 1994-2013 | F12: 96 | G12: 97 | H12: 94 | I12: =ROUND(F12*0.55+G12*0.3+H12*0.15,0) -> 96 | J12: Peer-revered midfield controller with elite technique and trophy legacy. | K12: Existing era carried over
A13: 12 | B13: John Terry | C13: CB | D13: Chelsea | E13: Chelsea: 1998-2017 | F13: 94 | G13: 98 | H13: 96 | I13: =ROUND(F13*0.55+G13*0.3+H13*0.15,0) -> 96 | J13: Premier League era defensive leader and captain of elite Chelsea sides. | K13: High confidence
... A201: 200 | B201: Raphinha | C201: RW | D201: Leeds United | E201: Leeds United: 2020-2022 | F201: 86 | G201: 79 | H201: 50 | I201: =ROUND(F201*0.55+G201*0.3+H201*0.15,0) -> 79 | J201: Electric Leeds winger with short but standout Premier League spell. | K201: High confidence

Sheet La Liga
A1: Rank | B1: Player | C1: Primary Position | D1: Main League Club(s) | E1: League Club Spell(s) | F1: Prime Score | G1: Legacy Score | H1: Longevity Score | I1: Overall Rating | J1: Short rationale | K1: Date status
A2: 1 | B2: Lionel Messi | C2: RW/AM | D2: Barcelona | E2: Barcelona: 2004-2021 | F2: 100 | G2: 100 | H2: 98 | I2: =ROUND(F2*0.55+G2*0.3+H2*0.15,0) -> 100 | J2: Ranked for La Liga impact: prime level first, then league legacy/legend status, with longevity as a supporting factor. | K2: High confidence
A3: 2 | B3: Cristiano Ronaldo | C3: LW/ST | D3: Real Madrid | E3: Real Madrid: 2009-2018 | F3: 100 | G3: 100 | H3: 95 | I3: =ROUND(F3*0.55+G3*0.3+H3*0.15,0) -> 99 | J3: Ranked for La Liga impact: prime level first, then league legacy/legend status, with longevity as a supporting factor. | K3: High confidence
A4: 3 | B4: Alfredo Di Stefano | C4: SS/CF | D4: Real Madrid, Espanyol | E4: Real Madrid: 1953-1964; Espanyol: 1964-1966 | F4: 99 | G4: 99 | H4: 95 | I4: =ROUND(F4*0.55+G4*0.3+H4*0.15,0) -> 98 | J4: Ranked for La Liga impact: prime level first, then league legacy/legend status, with longevity as a supporting factor. | K4: High confidence
A5: 4 | B5: Xavi | C5: CM | D5: Barcelona | E5: Barcelona: 1998-2015 | F5: 99 | G5: 99 | H5: 94 | I5: =ROUND(F5*0.55+G5*0.3+H5*0.15,0) -> 98 | J5: Ranked for La Liga impact: prime level first, then league legacy/legend status, with longevity as a supporting factor. | K5: High confidence
A6: 5 | B6: Andres Iniesta | C6: CM/AM | D6: Barcelona | E6: Barcelona: 2002-2018 | F6: 99 | G6: 99 | H6: 94 | I6: =ROUND(F6*0.55+G6*0.3+H6*0.15,0) -> 98 | J6: Ranked for La Liga impact: prime level first, then league legacy/legend status, with longevity as a supporting factor. | K6: High confidence
A7: 6 | B7: Johan Cruyff | C7: AM/FW | D7: Barcelona | E7: Barcelona: 1973-1978 | F7: 99 | G7: 98 | H7: 93 | I7: =ROUND(F7*0.55+G7*0.3+H7*0.15,0) -> 98 | J7: Ranked for La Liga impact: prime level first, then league legacy/legend status, with longevity as a supporting factor. | K7: High confidence
A8: 7 | B8: Zinedine Zidane | C8: AM/CM | D8: Real Madrid | E8: Real Madrid: 2001-2006 | F8: 99 | G8: 98 | H8: 93 | I8: =ROUND(F8*0.55+G8*0.3+H8*0.15,0) -> 98 | J8: Ranked for La Liga impact: prime level first, then league legacy/legend status, with longevity as a supporting factor. | K8: High confidence
A9: 8 | B9: Ronaldinho | C9: LW/AM | D9: Barcelona | E9: Barcelona: 2003-2008 | F9: 99 | G9: 98 | H9: 93 | I9: =ROUND(F9*0.55+G9*0.3+H9*0.15,0) -> 98 | J9: Ranked for La Liga impact: prime level first, then league legacy/legend status, with longevity as a supporting factor. | K9: High confidence
A10: 9 | B10: Luis Suarez | C10: ST | D10: Barcelona, Atletico Madrid | E10: Barcelona: 2014-2020; Atletico Madrid: 2020-2022 | F10: 98 | G10: 97 | H10: 92 | I10: =ROUND(F10*0.55+G10*0.3+H10*0.15,0) -> 97 | J10: Ranked for La Liga impact: prime level first, then league legacy/legend status, with longevity as a supporting factor. | K10: High confidence
A11: 10 | B11: Karim Benzema | C11: ST | D11: Real Madrid | E11: Real Madrid: 2009-2023 | F11: 98 | G11: 97 | H11: 92 | I11: =ROUND(F11*0.55+G11*0.3+H11*0.15,0) -> 97 | J11: Ranked for La Liga impact: prime level first, then league legacy/legend status, with longevity as a supporting factor. | K11: High confidence
A12: 11 | B12: Raul | C12: ST/SS | D12: Real Madrid | E12: Real Madrid: 1994-2010 | F12: 97 | G12: 96 | H12: 91 | I12: =ROUND(F12*0.55+G12*0.3+H12*0.15,0) -> 96 | J12: Ranked for La Liga impact: prime level first, then league legacy/legend status, with longevity as a supporting factor. | K12: High confidence
A13: 12 | B13: Ferenc Puskas | C13: ST | D13: Real Madrid | E13: Real Madrid: 1958-1966 | F13: 97 | G13: 96 | H13: 91 | I13: =ROUND(F13*0.55+G13*0.3+H13*0.15,0) -> 96 | J13: Ranked for La Liga impact: prime level first, then league legacy/legend status, with longevity as a supporting factor. | K13: High confidence
... A201: 200 | B201: Jose Luis Morales | C201: LW/FW | D201: Levante, Villarreal | E201: Levante: dates to confirm; Villarreal: dates to confirm | F201: 79 | G201: 79 | H201: 85 | I201: =ROUND(F201*0.55+G201*0.3+H201*0.15,0) -> 80 | J201: Ranked for La Liga impact: prime level first, then league legacy/legend status, with longevity as a supporting factor. | K201: Needs review

Sheet Serie A
A1: Rank | B1: Player | C1: Primary Position | D1: Main League Club(s) | E1: League Club Spell(s) | F1: Prime Score | G1: Legacy Score | H1: Longevity Score | I1: Overall Rating | J1: Short rationale | K1: Date status
A2: 1 | B2: Diego Maradona | C2: AM/SS | D2: Napoli | E2: Napoli: 1984-1991 | F2: 100 | G2: 100 | H2: 96 | I2: =ROUND(F2*0.55+G2*0.3+H2*0.15,0) -> 99 | J2: Ranked for Serie A impact: prime level first, then league legacy/legend status, with longevity as a supporting factor. | K2: High confidence
A3: 2 | B3: Paolo Maldini | C3: LB/CB | D3: AC Milan | E3: AC Milan: 1984-2009 | F3: 100 | G3: 100 | H3: 95 | I3: =ROUND(F3*0.55+G3*0.3+H3*0.15,0) -> 99 | J3: Ranked for Serie A impact: prime level first, then league legacy/legend status, with longevity as a supporting factor. | K3: High confidence
A4: 3 | B4: Francesco Totti | C4: SS/AM | D4: Roma | E4: Roma: 1992-2017 | F4: 99 | G4: 99 | H4: 95 | I4: =ROUND(F4*0.55+G4*0.3+H4*0.15,0) -> 98 | J4: Ranked for Serie A impact: prime level first, then league legacy/legend status, with longevity as a supporting factor. | K4: High confidence
A5: 4 | B5: Roberto Baggio | C5: SS/AM | D5: Fiorentina, Juventus, AC Milan, Bologna, Inter, Brescia | E5: Fiorentina: 1985-1990; Juventus: 1990-1995; AC Milan: 1995-1997; Bologna: 1997-1998; Inter: 1998-2000; Brescia: 2000-2004 | F5: 99 | G5: 99 | H5: 94 | I5: =ROUND(F5*0.55+G5*0.3+H5*0.15,0) -> 98 | J5: Ranked for Serie A impact: prime level first, then league legacy/legend status, with longevity as a supporting factor. | K5: High confidence
A6: 5 | B6: Gianluigi Buffon | C6: GK | D6: Parma, Juventus | E6: Parma: 1995-2001; Juventus: 2001-2018, 2019-2021 | F6: 99 | G6: 99 | H6: 94 | I6: =ROUND(F6*0.55+G6*0.3+H6*0.15,0) -> 98 | J6: Ranked for Serie A impact: prime level first, then league legacy/legend status, with longevity as a supporting factor. | K6: High confidence
A7: 6 | B7: Alessandro Del Piero | C7: SS/ST | D7: Juventus | E7: Juventus: 1993-2012 | F7: 99 | G7: 98 | H7: 93 | I7: =ROUND(F7*0.55+G7*0.3+H7*0.15,0) -> 98 | J7: Ranked for Serie A impact: prime level first, then league legacy/legend status, with longevity as a supporting factor. | K7: High confidence
A8: 7 | B8: Michel Platini | C8: AM | D8: Juventus | E8: Juventus: 1982-1987 | F8: 99 | G8: 98 | H8: 93 | I8: =ROUND(F8*0.55+G8*0.3+H8*0.15,0) -> 98 | J8: Ranked for Serie A impact: prime level first, then league legacy/legend status, with longevity as a supporting factor. | K8: High confidence
A9: 8 | B9: Zinedine Zidane | C9: AM/CM | D9: Juventus | E9: Juventus: 1996-2001 | F9: 99 | G9: 98 | H9: 93 | I9: =ROUND(F9*0.55+G9*0.3+H9*0.15,0) -> 98 | J9: Ranked for Serie A impact: prime level first, then league legacy/legend status, with longevity as a supporting factor. | K9: High confidence
A10: 9 | B10: Ronaldo Nazario | C10: ST | D10: Inter, AC Milan | E10: Inter: 1997-2002; AC Milan: 2007-2008 | F10: 98 | G10: 97 | H10: 92 | I10: =ROUND(F10*0.55+G10*0.3+H10*0.15,0) -> 97 | J10: Ranked for Serie A impact: prime level first, then league legacy/legend status, with longevity as a supporting factor. | K10: High confidence
A11: 10 | B11: Marco van Basten | C11: ST | D11: AC Milan | E11: AC Milan: 1987-1995 | F11: 98 | G11: 97 | H11: 92 | I11: =ROUND(F11*0.55+G11*0.3+H11*0.15,0) -> 97 | J11: Ranked for Serie A impact: prime level first, then league legacy/legend status, with longevity as a supporting factor. | K11: High confidence
A12: 11 | B12: Franco Baresi | C12: CB | D12: AC Milan | E12: AC Milan: 1977-1997 | F12: 97 | G12: 96 | H12: 91 | I12: =ROUND(F12*0.55+G12*0.3+H12*0.15,0) -> 96 | J12: Ranked for Serie A impact: prime level first, then league legacy/legend status, with longevity as a supporting factor. | K12: High confidence
A13: 12 | B13: Giuseppe Meazza | C13: SS/ST | D13: Inter, AC Milan, Juventus | E13: Inter: dates to confirm; AC Milan: dates to confirm; Juventus: dates to confirm | F13: 97 | G13: 96 | H13: 91 | I13: =ROUND(F13*0.55+G13*0.3+H13*0.15,0) -> 96 | J13: Ranked for Serie A impact: prime level first, then league legacy/legend status, with longevity as a supporting factor. | K13: Needs review
... A201: 200 | B201: Fabrizio Ravanelli | C201: ST | D201: Juventus, Lazio, Perugia | E201: Juventus: dates to confirm; Lazio: dates to confirm; Perugia: dates to confirm | F201: 79 | G201: 79 | H201: 85 | I201: =ROUND(F201*0.55+G201*0.3+H201*0.15,0) -> 80 | J201: Ranked for Serie A impact: prime level first, then league legacy/legend status, with longevity as a supporting factor. | K201: Needs review

Sheet Ligue 1
A1: Rank | B1: Player | C1: Primary Position | D1: Main League Club(s) | E1: League Club Spell(s) | F1: Prime Score | G1: Legacy Score | H1: Longevity Score | I1: Overall Rating | J1: Short rationale | K1: Date status
A2: 1 | B2: Kylian Mbappe | C2: ST/LW | D2: Monaco, Paris Saint-Germain | E2: Monaco: 2015-2017; Paris Saint-Germain: 2017-2024 | F2: 100 | G2: 100 | H2: 96 | I2: =ROUND(F2*0.55+G2*0.3+H2*0.15,0) -> 99 | J2: Ranked for Ligue 1 impact: prime level first, then league legacy/legend status, with longevity as a supporting factor. | K2: High confidence
A3: 2 | B3: Michel Platini | C3: AM | D3: Nancy, Saint-Etienne | E3: Nancy: 1972-1979; Saint-Etienne: 1979-1982 | F3: 100 | G3: 100 | H3: 95 | I3: =ROUND(F3*0.55+G3*0.3+H3*0.15,0) -> 99 | J3: Ranked for Ligue 1 impact: prime level first, then league legacy/legend status, with longevity as a supporting factor. | K3: High confidence
A4: 3 | B4: Zinedine Zidane | C4: AM/CM | D4: Cannes, Bordeaux | E4: Cannes: 1989-1992; Bordeaux: 1992-1996 | F4: 100 | G4: 100 | H4: 95 | I4: =ROUND(F4*0.55+G4*0.3+H4*0.15,0) -> 99 | J4: Ranked for Ligue 1 impact: prime level first, then league legacy/legend status, with longevity as a supporting factor. | K4: High confidence
A5: 4 | B5: Jean-Pierre Papin | C5: ST | D5: Marseille, Bordeaux | E5: Marseille: 1986-1992; Bordeaux: 1996-1998 | F5: 99 | G5: 99 | H5: 94 | I5: =ROUND(F5*0.55+G5*0.3+H5*0.15,0) -> 98 | J5: Ranked for Ligue 1 impact: prime level first, then league legacy/legend status, with longevity as a supporting factor. | K5: High confidence
A6: 5 | B6: Just Fontaine | C6: ST | D6: Nice, Reims | E6: Nice: 1953-1956; Reims: 1956-1962 | F6: 99 | G6: 99 | H6: 94 | I6: =ROUND(F6*0.55+G6*0.3+H6*0.15,0) -> 98 | J6: Ranked for Ligue 1 impact: prime level first, then league legacy/legend status, with longevity as a supporting factor. | K6: High confidence
A7: 6 | B7: Raymond Kopa | C7: AM/RW | D7: Angers, Reims | E7: Angers: 1949-1951; Reims: 1951-1956, 1959-1967 | F7: 99 | G7: 98 | H7: 93 | I7: =ROUND(F7*0.55+G7*0.3+H7*0.15,0) -> 98 | J7: Ranked for Ligue 1 impact: prime level first, then league legacy/legend status, with longevity as a supporting factor. | K7: High confidence
A8: 7 | B8: Delio Onnis | C8: ST | D8: Reims, Monaco, Tours, Toulon | E8: Reims: 1971-1973; Monaco: 1973-1980; Tours: 1980-1983; Toulon: 1983-1986 | F8: 99 | G8: 98 | H8: 93 | I8: =ROUND(F8*0.55+G8*0.3+H8*0.15,0) -> 98 | J8: Ranked for Ligue 1 impact: prime level first, then league legacy/legend status, with longevity as a supporting factor. | K8: High confidence
A9: 8 | B9: Bernard Lacombe | C9: ST | D9: Lyon, Saint-Etienne, Bordeaux | E9: Lyon: 1969-1978; Saint-Etienne: 1978-1979; Bordeaux: 1979-1987 | F9: 99 | G9: 98 | H9: 93 | I9: =ROUND(F9*0.55+G9*0.3+H9*0.15,0) -> 98 | J9: Ranked for Ligue 1 impact: prime level first, then league legacy/legend status, with longevity as a supporting factor. | K9: High confidence
A10: 9 | B10: Alain Giresse | C10: CM/AM | D10: Bordeaux, Marseille | E10: Bordeaux: 1970-1986; Marseille: 1986-1988 | F10: 98 | G10: 97 | H10: 92 | I10: =ROUND(F10*0.55+G10*0.3+H10*0.15,0) -> 97 | J10: Ranked for Ligue 1 impact: prime level first, then league legacy/legend status, with longevity as a supporting factor. | K10: High confidence
A11: 10 | B11: Juninho Pernambucano | C11: CM/AM | D11: Lyon | E11: Lyon: 2001-2009 | F11: 98 | G11: 97 | H11: 92 | I11: =ROUND(F11*0.55+G11*0.3+H11*0.15,0) -> 97 | J11: Ranked for Ligue 1 impact: prime level first, then league legacy/legend status, with longevity as a supporting factor. | K11: High confidence
A12: 11 | B12: Zlatan Ibrahimovic | C12: ST | D12: Paris Saint-Germain | E12: Paris Saint-Germain: 2012-2016 | F12: 97 | G12: 96 | H12: 91 | I12: =ROUND(F12*0.55+G12*0.3+H12*0.15,0) -> 96 | J12: Ranked for Ligue 1 impact: prime level first, then league legacy/legend status, with longevity as a supporting factor. | K12: High confidence
A13: 12 | B13: Edinson Cavani | C13: ST | D13: Paris Saint-Germain | E13: Paris Saint-Germain: 2013-2020 | F13: 97 | G13: 96 | H13: 91 | I13: =ROUND(F13*0.55+G13*0.3+H13*0.15,0) -> 96 | J13: Ranked for Ligue 1 impact: prime level first, then league legacy/legend status, with longevity as a supporting factor. | K13: High confidence
... A201: 200 | B201: Mickael Pagis | C201: ST | D201: Laval, Strasbourg, Marseille, Rennes | E201: Laval: dates to confirm; Strasbourg: dates to confirm; Marseille: dates to confirm; Rennes: dates to confirm | F201: 79 | G201: 79 | H201: 85 | I201: =ROUND(F201*0.55+G201*0.3+H201*0.15,0) -> 80 | J201: Ranked for Ligue 1 impact: prime level first, then league legacy/legend status, with longevity as a supporting factor. | K201: Needs review

Sheet Bundesliga
A1: Rank | B1: Player | C1: Primary Position | D1: Main League Club(s) | E1: League Club Spell(s) | F1: Prime Score | G1: Legacy Score | H1: Longevity Score | I1: Overall Rating | J1: Short rationale | K1: Date status
A2: 1 | B2: Gerd Muller | C2: ST | D2: Bayern Munich | E2: Bayern Munich: 1964-1979 | F2: 100 | G2: 100 | H2: 96 | I2: =ROUND(F2*0.55+G2*0.3+H2*0.15,0) -> 99 | J2: Ranked for Bundesliga impact: prime level first, then league legacy/legend status, with longevity as a supporting factor. | K2: Review recommended
A3: 2 | B3: Franz Beckenbauer | C3: CB/SW | D3: Bayern Munich, Hamburg | E3: Bayern Munich: 1964-1977; Hamburg: 1980-1982 | F3: 100 | G3: 100 | H3: 95 | I3: =ROUND(F3*0.55+G3*0.3+H3*0.15,0) -> 99 | J3: Ranked for Bundesliga impact: prime level first, then league legacy/legend status, with longevity as a supporting factor. | K3: Review recommended
A4: 3 | B4: Robert Lewandowski | C4: ST | D4: Borussia Dortmund, Bayern Munich | E4: Borussia Dortmund: 2010-2014; Bayern Munich: 2014-2022 | F4: 100 | G4: 99 | H4: 95 | I4: =ROUND(F4*0.55+G4*0.3+H4*0.15,0) -> 99 | J4: Ranked for Bundesliga impact: prime level first, then league legacy/legend status, with longevity as a supporting factor. | K4: Review recommended
A5: 4 | B5: Lothar Matthaus | C5: CM/DM | D5: Borussia Monchengladbach, Bayern Munich | E5: Borussia Monchengladbach: 1979-1984; Bayern Munich: 1984-1988, 1992-2000 | F5: 99 | G5: 99 | H5: 95 | I5: =ROUND(F5*0.55+G5*0.3+H5*0.15,0) -> 98 | J5: Ranked for Bundesliga impact: prime level first, then league legacy/legend status, with longevity as a supporting factor. | K5: Review recommended
A6: 5 | B6: Manuel Neuer | C6: GK | D6: Schalke 04, Bayern Munich | E6: Schalke 04: 2006-2011; Bayern Munich: 2011-present | F6: 98 | G6: 98 | H6: 94 | I6: =ROUND(F6*0.55+G6*0.3+H6*0.15,0) -> 97 | J6: Ranked for Bundesliga impact: prime level first, then league legacy/legend status, with longevity as a supporting factor. | K6: Review recommended
A7: 6 | B7: Karl-Heinz Rummenigge | C7: ST/FW | D7: Bayern Munich | E7: Bayern Munich: 1974-1984 | F7: 98 | G7: 97 | H7: 91 | I7: =ROUND(F7*0.55+G7*0.3+H7*0.15,0) -> 97 | J7: Ranked for Bundesliga impact: prime level first, then league legacy/legend status, with longevity as a supporting factor. | K7: Review recommended
A8: 7 | B8: Philipp Lahm | C8: RB/LB | D8: Bayern Munich, Stuttgart | E8: Bayern Munich: 2002-2003, 2005-2017; Stuttgart: 2003-2005 | F8: 97 | G8: 98 | H8: 96 | I8: =ROUND(F8*0.55+G8*0.3+H8*0.15,0) -> 97 | J8: Ranked for Bundesliga impact: prime level first, then league legacy/legend status, with longevity as a supporting factor. | K8: Review recommended
A9: 8 | B9: Oliver Kahn | C9: GK | D9: Karlsruher SC, Bayern Munich | E9: Karlsruher SC: 1987-1994; Bayern Munich: 1994-2008 | F9: 97 | G9: 98 | H9: 95 | I9: =ROUND(F9*0.55+G9*0.3+H9*0.15,0) -> 97 | J9: Ranked for Bundesliga impact: prime level first, then league legacy/legend status, with longevity as a supporting factor. | K9: Review recommended
A10: 9 | B10: Uwe Seeler | C10: ST | D10: Hamburg | E10: Hamburg: 1953-1972 | F10: 97 | G10: 98 | H10: 92 | I10: =ROUND(F10*0.55+G10*0.3+H10*0.15,0) -> 97 | J10: Ranked for Bundesliga impact: prime level first, then league legacy/legend status, with longevity as a supporting factor. | K10: Review recommended
A11: 10 | B11: Matthias Sammer | C11: DM/CB | D11: VfB Stuttgart, Borussia Dortmund | E11: VfB Stuttgart: 1990-1992; Borussia Dortmund: 1993-1998 | F11: 98 | G11: 96 | H11: 80 | I11: =ROUND(F11*0.55+G11*0.3+H11*0.15,0) -> 95 | J11: Ranked for Bundesliga impact: prime level first, then league legacy/legend status, with longevity as a supporting factor. | K11: Review recommended
A12: 11 | B12: Thomas Muller | C12: SS/AM | D12: Bayern Munich | E12: Bayern Munich: 2008-2025 | F12: 94 | G12: 98 | H12: 100 | I12: =ROUND(F12*0.55+G12*0.3+H12*0.15,0) -> 96 | J12: Ranked for Bundesliga impact: prime level first, then league legacy/legend status, with longevity as a supporting factor. | K12: Review recommended
A13: 12 | B13: Bastian Schweinsteiger | C13: CM | D13: Bayern Munich | E13: Bayern Munich: 2002-2015 | F13: 95 | G13: 96 | H13: 92 | I13: =ROUND(F13*0.55+G13*0.3+H13*0.15,0) -> 95 | J13: Ranked for Bundesliga impact: prime level first, then league legacy/legend status, with longevity as a supporting factor. | K13: Review recommended
... A201: 200 | B201: Bundesliga Legend 200 | C201: CM | D201: Bundesliga | E201: Bundesliga: dates to confirm | F201: 84 | G201: 82 | H201: 80 | I201: =ROUND(F201*0.55+G201*0.3+H201*0.15,0) -> 83 | J201: Ranked for Bundesliga impact: prime level first, then league legacy/legend status, with longevity as a supporting factor. | K201: Review recommended

Sheet Position Tracking
A1: Position Tracking - 5-a-side Out-of-Position Multipliers
A2: Purpose | B2: Use these multipliers to reduce a player rating when they are selected outside their natural role in the league-based 5-a-side mode.
A3: Outfield roles | B3: DEF, MID and ST are the three selectable outfield roles. GK should be enforced separately as goalkeeper-only.
A4: Composite positions | B4: If a player has multiple listed positions such as CB/DM or RW/LW, use the best applicable multiplier across the components.
A5: Suggested formula | B5: Adjusted rating = Base Overall Rating x multiplier for selected 5-a-side role.
A7: Base Position | B7: Description | C7: DEF Multiplier | D7: MID Multiplier | E7: ST Multiplier | F7: Suggested Role | G7: Notes
A8: GK | B8: Goalkeeper | C8: 0 | D8: 0 | E8: 0 | F8: GK only | G8: GK only - do not allow outfield selection
A9: CB | B9: Centre-back | C9: 1 | D9: 0.82 | E9: 0.55 | F9: DEF | G9: Natural defender; limited attacking conversion
A10: SW | B10: Sweeper | C10: 1 | D10: 0.85 | E10: 0.58 | F10: DEF | G10: Defensive leader with some ball-carrying
A11: LB | B11: Left-back | C11: 1 | D11: 0.82 | E11: 0.65 | F11: DEF | G11: Full-back can defend naturally and support midfield
A12: RB | B12: Right-back | C12: 1 | D12: 0.82 | E12: 0.65 | F12: DEF | G12: Full-back can defend naturally and support midfield
A13: FB | B13: Full-back | C13: 1 | D13: 0.82 | E13: 0.65 | F13: DEF | G13: Generic full-back / wide defender
A14: LWB | B14: Left wing-back | C14: 1 | D14: 0.86 | E14: 0.72 | F14: DEF | G14: Wing-back can defend and carry forward
A15: RWB | B15: Right wing-back | C15: 1 | D15: 0.86 | E15: 0.72 | F15: DEF | G15: Wing-back can defend and carry forward
A16: DM | B16: Defensive midfielder | C16: 0.95 | D16: 1 | E16: 0.7 | F16: MID | G16: Very useful in DEF or MID; less natural as striker
A17: CDM | B17: Defensive midfielder | C17: 0.95 | D17: 1 | E17: 0.7 | F17: MID | G17: Alias of DM
A18: CM | B18: Central midfielder | C18: 0.85 | D18: 1 | E18: 0.8 | F18: MID | G18: Natural midfield role; can cover both ends
A19: LM | B19: Left midfielder | C19: 0.75 | D19: 1 | E19: 0.86 | F19: MID | G19: Wide midfielder can play MID/ST, weaker DEF
... A29: FW | B29: Forward | C29: 0.58 | D29: 0.78 | E29: 1 | F29: ST | G29: Generic forward
A31: Exact Primary Position Mapping from Workbook
A33: Primary Position Text | B33: Parsed Components | C33: DEF Multiplier | D33: MID Multiplier | E33: ST Multiplier | F33: Recommended 5-a-side Role | G33: GK Only? | H33: Notes
A34: AM | B34: AM | C34: 0.65 | D34: 1 | E34: 0.9 | F34: MID | G34: No | H34: Best-of listed components
A35: AM/CM | B35: AM/CM | C35: 0.85 | D35: 1 | E35: 0.9 | F35: MID | G35: No | H35: Best-of listed components
A36: AM/FW | B36: AM/FW | C36: 0.65 | D36: 0.94 | E36: 1 | F36: ST | G36: No | H36: Best-of listed components
A37: AM/LM | B37: AM/LM | C37: 0.75 | D37: 1 | E37: 0.9 | F37: MID | G37: No | H37: Best-of listed components
A38: AM/LW | B38: AM/LW | C38: 0.65 | D38: 0.94 | E38: 1 | F38: ST | G38: No | H38: Best-of listed components
A39: AM/RW | B39: AM/RW | C39: 0.65 | D39: 0.94 | E39: 1 | F39: ST | G39: No | H39: Best-of listed components
A40: AM/SS | B40: AM/SS | C40: 0.65 | D40: 0.94 | E40: 1 | F40: ST | G40: No | H40: Best-of listed components
A41: AM/ST | B41: AM/ST | C41: 0.65 | D41: 0.94 | E41: 1 | F41: ST | G41: No | H41: Best-of listed components
A42: AM/W | B42: AM/W | C42: 0.65 | D42: 0.94 | E42: 1 | F42: ST | G42: No | H42: Best-of listed components
A43: CB | B43: CB | C43: 1 | D43: 0.82 | E43: 0.55 | F43: DEF | G43: No | H43: Best-of listed components
A44: CB/DM | B44: CB/DM | C44: 1 | D44: 1 | E44: 0.7 | F44: DEF | G44: No | H44: Best-of listed components
A45: CB/LB | B45: CB/LB | C45: 1 | D45: 0.82 | E45: 0.65 | F45: DEF | G45: No | H45: Best-of listed components
... A110: ST/SS/AM | B110: ST/SS/AM | C110: 0.65 | D110: 0.94 | E110: 1 | F110: ST | G110: No | H110: Best-of listed components

Sheet Methodology
A1: Methodology / changes made
A2: Category | B2: Description
A3: Refinement | B3: Generic position values were replaced with the players normal/common role for the relevant league clubs.
A4: Club field | B4: Generic club values were replaced with the domestic league clubs most associated with each player.
A5: Rating basis | B5: Overall Rating = 55% Prime Score + 30% Legacy Score + 15% Longevity Score.
A6: Scope | B6: Ranking is based on league impact only: La Liga, Serie A and Ligue 1 respectively.
A7: Note | B7: This remains subjective and debate-friendly rather than a strict statistical model.

Sheet Sources
A1: Sources and reference points used
A2: League | B2: Source / reference point | C2: URL | D2: Used for
A3: All | B3: Transfermarkt player profiles | C3: https://www.transfermarkt.com/ | D3: Main position and club history cross-checking
A4: All | B4: Wikipedia player infoboxes / senior career sections | C4: https://en.wikipedia.org/ | D4: Position and senior club history cross-checking
A5: La Liga | B5: La Liga all-time scorers | C5: https://en.wikipedia.org/wiki/List_of_La_Liga_top_scorers | D5: Historic goalscoring/clubs context
A6: Serie A | B6: Serie A all-time top goalscorers | C6: https://www.transfermarkt.com/serie-a/ewigetorschuetzenliste/pokalwettbewerb/IT1 | D6: Historic goalscoring/clubs context
A7: Ligue 1 | B7: Ligue 1 all-time top scorers | C7: https://en.wikipedia.org/wiki/List_of_Ligue_1_top_scorers | D7: Historic goalscoring/clubs context
A8: Bundesliga | B8: Bundesliga all-time goals and appearances cross-checks | C8: https://en.wikipedia.org/wiki/List_of_Bundesliga_top_scorers; https://www.transfermarkt.com/bundesliga/rekordspieler/wettbewerb/L1 | D8: Used for broad Bundesliga context

Sheet Date Update Notes
A1: Date update notes
A2: Item | B2: Detail
A3: What changed | B3: Column E across the four league sheets was changed to club spell text rather than generic league context. A Date status column was added in K so you can filter high-confidence rows versus rows still needing manual review.
A4: Major PL current corrections | B4: Kevin De Bruyne: Manchester City 2015-2025; Mohamed Salah: Liverpool 2017-2026; Trent Alexander-Arnold: Liverpool 2016-2025; Kyle Walker: Tottenham 2009-2017 / Manchester City 2017-2025; Son Heung-min: Tottenham 2015-2025.
A5: Implementation note | B5: Top/high-profile players and known current corrections were updated directly. Less prominent historical rows are flagged as Needs review where exact club dates should be spot-checked before using as final website data.
A6: Source - De Bruyne | B6: ESPN reported De Bruyne joined Napoli on a free after Manchester City exit in June 2025: https://www.espn.com/football/story/_/id/45331440/kevin-de-bruyne-joins-napoli-free-transfer-man-city-exit
A7: Source - Salah | B7: Liverpool FC announced Salah would leave at the end of the 2025-26 season: https://www.liverpoolfc.com/news/mohamed-salah-leave-liverpool-end-season
A8: Source - Trent Alexander-Arnold | B8: Reporting confirms Alexander-Arnold left Liverpool for Real Madrid in summer 2025: https://www.express.co.uk/sport/football/2104296/Trent-Alexander-Arnold-Liverpool-Real-Madrid
A9: Source - Son | B9: Spotrac transaction record shows Son signed by LAFC from Tottenham in August 2025: https://www.spotrac.com/epl/player/_/id/23031/heung-min-son
A10: Source - Walker | B10: Sporting News/Sky reporting confirms Walker left Manchester City, including loan to AC Milan and later Burnley context: https://www.sportingnews.com/us/soccer/manchester-city/news/kyle-walker-leaving-man-city-selfish/1493d454c28ec689df73ba31
