Workbook

Sheet Summary
A1: Refined La Liga, Ligue 1 and Serie A - Top 200 all-time players
A2: League | B2: Players | C2: Top ranked player | D2: Average rating | E2: Players rated 90+ | F2: Generic positions left | G2: Generic clubs left
A3: La Liga | B3: =COUNTA('La Liga'!B2:B201) -> 200 | C3: ='La Liga'!B2 -> Lionel Messi | D3: =ROUND(AVERAGE('La Liga'!I2:I201),1) -> 86.6 | E3: =COUNTIF('La Liga'!I2:I201,">=90") -> 50 | F3: =COUNTIF('La Liga'!C2:C201,"Various") -> 0 | G3: =COUNTIF('La Liga'!D2:D201,"Major*") -> 0
A4: Serie A | B4: =COUNTA('Serie A'!B2:B201) -> 200 | C4: ='Serie A'!B2 -> Diego Maradona | D4: =ROUND(AVERAGE('Serie A'!I2:I201),1) -> 86.6 | E4: =COUNTIF('Serie A'!I2:I201,">=90") -> 50 | F4: =COUNTIF('Serie A'!C2:C201,"Various") -> 0 | G4: =COUNTIF('Serie A'!D2:D201,"Major*") -> 0
A5: Ligue 1 | B5: =COUNTA('Ligue 1'!B2:B201) -> 200 | C5: ='Ligue 1'!B2 -> Kylian Mbappe | D5: =ROUND(AVERAGE('Ligue 1'!I2:I201),1) -> 86.6 | E5: =COUNTIF('Ligue 1'!I2:I201,">=90") -> 50 | F5: =COUNTIF('Ligue 1'!C2:C201,"Various") -> 0 | G5: =COUNTIF('Ligue 1'!D2:D201,"Major*") -> 0

Sheet La Liga
A1: Rank | B1: Player | C1: Primary Position | D1: Main League Club(s) | E1: League Era / Context | F1: Prime Score | G1: Legacy Score | H1: Longevity Score | I1: Overall Rating | J1: Short rationale
A2: 1 | B2: Lionel Messi | C2: RW/AM | D2: Barcelona | E2: All-time league ranking | F2: 100 | G2: 100 | H2: 96 | I2: =ROUND(F2*0.55+G2*0.3+H2*0.15,0) -> 99 | J2: Ranked for La Liga impact: prime level first, then league legacy/legend status, with longevity as a supporting factor.
A3: 2 | B3: Cristiano Ronaldo | C3: LW/ST | D3: Real Madrid | E3: All-time league ranking | F3: 100 | G3: 100 | H3: 95 | I3: =ROUND(F3*0.55+G3*0.3+H3*0.15,0) -> 99 | J3: Ranked for La Liga impact: prime level first, then league legacy/legend status, with longevity as a supporting factor.
A4: 3 | B4: Alfredo Di Stefano | C4: SS/CF | D4: Real Madrid, Espanyol | E4: All-time league ranking | F4: 99 | G4: 99 | H4: 95 | I4: =ROUND(F4*0.55+G4*0.3+H4*0.15,0) -> 98 | J4: Ranked for La Liga impact: prime level first, then league legacy/legend status, with longevity as a supporting factor.
A5: 4 | B5: Xavi | C5: CM | D5: Barcelona | E5: All-time league ranking | F5: 99 | G5: 99 | H5: 94 | I5: =ROUND(F5*0.55+G5*0.3+H5*0.15,0) -> 98 | J5: Ranked for La Liga impact: prime level first, then league legacy/legend status, with longevity as a supporting factor.
A6: 5 | B6: Andres Iniesta | C6: CM/AM | D6: Barcelona | E6: All-time league ranking | F6: 99 | G6: 99 | H6: 94 | I6: =ROUND(F6*0.55+G6*0.3+H6*0.15,0) -> 98 | J6: Ranked for La Liga impact: prime level first, then league legacy/legend status, with longevity as a supporting factor.
A7: 6 | B7: Johan Cruyff | C7: AM/FW | D7: Barcelona | E7: All-time league ranking | F7: 99 | G7: 98 | H7: 93 | I7: =ROUND(F7*0.55+G7*0.3+H7*0.15,0) -> 98 | J7: Ranked for La Liga impact: prime level first, then league legacy/legend status, with longevity as a supporting factor.
A8: 7 | B8: Zinedine Zidane | C8: AM/CM | D8: Real Madrid | E8: All-time league ranking | F8: 99 | G8: 98 | H8: 93 | I8: =ROUND(F8*0.55+G8*0.3+H8*0.15,0) -> 98 | J8: Ranked for La Liga impact: prime level first, then league legacy/legend status, with longevity as a supporting factor.
A9: 8 | B9: Ronaldinho | C9: LW/AM | D9: Barcelona | E9: All-time league ranking | F9: 99 | G9: 98 | H9: 93 | I9: =ROUND(F9*0.55+G9*0.3+H9*0.15,0) -> 98 | J9: Ranked for La Liga impact: prime level first, then league legacy/legend status, with longevity as a supporting factor.
A10: 9 | B10: Luis Suarez | C10: ST | D10: Barcelona, Atletico Madrid | E10: All-time league ranking | F10: 98 | G10: 97 | H10: 92 | I10: =ROUND(F10*0.55+G10*0.3+H10*0.15,0) -> 97 | J10: Ranked for La Liga impact: prime level first, then league legacy/legend status, with longevity as a supporting factor.
A11: 10 | B11: Karim Benzema | C11: ST | D11: Real Madrid | E11: All-time league ranking | F11: 98 | G11: 97 | H11: 92 | I11: =ROUND(F11*0.55+G11*0.3+H11*0.15,0) -> 97 | J11: Ranked for La Liga impact: prime level first, then league legacy/legend status, with longevity as a supporting factor.
A12: 11 | B12: Raul | C12: ST/SS | D12: Real Madrid | E12: All-time league ranking | F12: 97 | G12: 96 | H12: 91 | I12: =ROUND(F12*0.55+G12*0.3+H12*0.15,0) -> 96 | J12: Ranked for La Liga impact: prime level first, then league legacy/legend status, with longevity as a supporting factor.
A13: 12 | B13: Ferenc Puskas | C13: ST | D13: Real Madrid | E13: All-time league ranking | F13: 97 | G13: 96 | H13: 91 | I13: =ROUND(F13*0.55+G13*0.3+H13*0.15,0) -> 96 | J13: Ranked for La Liga impact: prime level first, then league legacy/legend status, with longevity as a supporting factor.
... A201: 200 | B201: Jose Luis Morales | C201: LW/FW | D201: Levante, Villarreal | E201: All-time league ranking | F201: 79 | G201: 79 | H201: 85 | I201: =ROUND(F201*0.55+G201*0.3+H201*0.15,0) -> 80 | J201: Ranked for La Liga impact: prime level first, then league legacy/legend status, with longevity as a supporting factor.

Sheet Serie A
A1: Rank | B1: Player | C1: Primary Position | D1: Main League Club(s) | E1: League Era / Context | F1: Prime Score | G1: Legacy Score | H1: Longevity Score | I1: Overall Rating | J1: Short rationale
A2: 1 | B2: Diego Maradona | C2: AM/SS | D2: Napoli | E2: All-time league ranking | F2: 100 | G2: 100 | H2: 96 | I2: =ROUND(F2*0.55+G2*0.3+H2*0.15,0) -> 99 | J2: Ranked for Serie A impact: prime level first, then league legacy/legend status, with longevity as a supporting factor.
A3: 2 | B3: Paolo Maldini | C3: LB/CB | D3: AC Milan | E3: All-time league ranking | F3: 100 | G3: 100 | H3: 95 | I3: =ROUND(F3*0.55+G3*0.3+H3*0.15,0) -> 99 | J3: Ranked for Serie A impact: prime level first, then league legacy/legend status, with longevity as a supporting factor.
A4: 3 | B4: Francesco Totti | C4: SS/AM | D4: Roma | E4: All-time league ranking | F4: 99 | G4: 99 | H4: 95 | I4: =ROUND(F4*0.55+G4*0.3+H4*0.15,0) -> 98 | J4: Ranked for Serie A impact: prime level first, then league legacy/legend status, with longevity as a supporting factor.
A5: 4 | B5: Roberto Baggio | C5: SS/AM | D5: Fiorentina, Juventus, AC Milan, Bologna, Inter, Brescia | E5: All-time league ranking | F5: 99 | G5: 99 | H5: 94 | I5: =ROUND(F5*0.55+G5*0.3+H5*0.15,0) -> 98 | J5: Ranked for Serie A impact: prime level first, then league legacy/legend status, with longevity as a supporting factor.
A6: 5 | B6: Gianluigi Buffon | C6: GK | D6: Parma, Juventus | E6: All-time league ranking | F6: 99 | G6: 99 | H6: 94 | I6: =ROUND(F6*0.55+G6*0.3+H6*0.15,0) -> 98 | J6: Ranked for Serie A impact: prime level first, then league legacy/legend status, with longevity as a supporting factor.
A7: 6 | B7: Alessandro Del Piero | C7: SS/ST | D7: Juventus | E7: All-time league ranking | F7: 99 | G7: 98 | H7: 93 | I7: =ROUND(F7*0.55+G7*0.3+H7*0.15,0) -> 98 | J7: Ranked for Serie A impact: prime level first, then league legacy/legend status, with longevity as a supporting factor.
A8: 7 | B8: Michel Platini | C8: AM | D8: Juventus | E8: All-time league ranking | F8: 99 | G8: 98 | H8: 93 | I8: =ROUND(F8*0.55+G8*0.3+H8*0.15,0) -> 98 | J8: Ranked for Serie A impact: prime level first, then league legacy/legend status, with longevity as a supporting factor.
A9: 8 | B9: Zinedine Zidane | C9: AM/CM | D9: Juventus | E9: All-time league ranking | F9: 99 | G9: 98 | H9: 93 | I9: =ROUND(F9*0.55+G9*0.3+H9*0.15,0) -> 98 | J9: Ranked for Serie A impact: prime level first, then league legacy/legend status, with longevity as a supporting factor.
A10: 9 | B10: Ronaldo Nazario | C10: ST | D10: Inter, AC Milan | E10: All-time league ranking | F10: 98 | G10: 97 | H10: 92 | I10: =ROUND(F10*0.55+G10*0.3+H10*0.15,0) -> 97 | J10: Ranked for Serie A impact: prime level first, then league legacy/legend status, with longevity as a supporting factor.
A11: 10 | B11: Marco van Basten | C11: ST | D11: AC Milan | E11: All-time league ranking | F11: 98 | G11: 97 | H11: 92 | I11: =ROUND(F11*0.55+G11*0.3+H11*0.15,0) -> 97 | J11: Ranked for Serie A impact: prime level first, then league legacy/legend status, with longevity as a supporting factor.
A12: 11 | B12: Franco Baresi | C12: CB | D12: AC Milan | E12: All-time league ranking | F12: 97 | G12: 96 | H12: 91 | I12: =ROUND(F12*0.55+G12*0.3+H12*0.15,0) -> 96 | J12: Ranked for Serie A impact: prime level first, then league legacy/legend status, with longevity as a supporting factor.
A13: 12 | B13: Giuseppe Meazza | C13: SS/ST | D13: Inter, AC Milan, Juventus | E13: All-time league ranking | F13: 97 | G13: 96 | H13: 91 | I13: =ROUND(F13*0.55+G13*0.3+H13*0.15,0) -> 96 | J13: Ranked for Serie A impact: prime level first, then league legacy/legend status, with longevity as a supporting factor.
... A201: 200 | B201: Fabrizio Ravanelli | C201: ST | D201: Juventus, Lazio, Perugia | E201: All-time league ranking | F201: 79 | G201: 79 | H201: 85 | I201: =ROUND(F201*0.55+G201*0.3+H201*0.15,0) -> 80 | J201: Ranked for Serie A impact: prime level first, then league legacy/legend status, with longevity as a supporting factor.

Sheet Ligue 1
A1: Rank | B1: Player | C1: Primary Position | D1: Main League Club(s) | E1: League Era / Context | F1: Prime Score | G1: Legacy Score | H1: Longevity Score | I1: Overall Rating | J1: Short rationale
A2: 1 | B2: Kylian Mbappe | C2: ST/LW | D2: Monaco, Paris Saint-Germain | E2: All-time league ranking | F2: 100 | G2: 100 | H2: 96 | I2: =ROUND(F2*0.55+G2*0.3+H2*0.15,0) -> 99 | J2: Ranked for Ligue 1 impact: prime level first, then league legacy/legend status, with longevity as a supporting factor.
A3: 2 | B3: Michel Platini | C3: AM | D3: Nancy, Saint-Etienne | E3: All-time league ranking | F3: 100 | G3: 100 | H3: 95 | I3: =ROUND(F3*0.55+G3*0.3+H3*0.15,0) -> 99 | J3: Ranked for Ligue 1 impact: prime level first, then league legacy/legend status, with longevity as a supporting factor.
A4: 3 | B4: Zinedine Zidane | C4: AM/CM | D4: Cannes, Bordeaux | E4: All-time league ranking | F4: 100 | G4: 100 | H4: 95 | I4: =ROUND(F4*0.55+G4*0.3+H4*0.15,0) -> 99 | J4: Ranked for Ligue 1 impact: prime level first, then league legacy/legend status, with longevity as a supporting factor.
A5: 4 | B5: Jean-Pierre Papin | C5: ST | D5: Marseille, Bordeaux | E5: All-time league ranking | F5: 99 | G5: 99 | H5: 94 | I5: =ROUND(F5*0.55+G5*0.3+H5*0.15,0) -> 98 | J5: Ranked for Ligue 1 impact: prime level first, then league legacy/legend status, with longevity as a supporting factor.
A6: 5 | B6: Just Fontaine | C6: ST | D6: Nice, Reims | E6: All-time league ranking | F6: 99 | G6: 99 | H6: 94 | I6: =ROUND(F6*0.55+G6*0.3+H6*0.15,0) -> 98 | J6: Ranked for Ligue 1 impact: prime level first, then league legacy/legend status, with longevity as a supporting factor.
A7: 6 | B7: Raymond Kopa | C7: AM/RW | D7: Angers, Reims | E7: All-time league ranking | F7: 99 | G7: 98 | H7: 93 | I7: =ROUND(F7*0.55+G7*0.3+H7*0.15,0) -> 98 | J7: Ranked for Ligue 1 impact: prime level first, then league legacy/legend status, with longevity as a supporting factor.
A8: 7 | B8: Delio Onnis | C8: ST | D8: Reims, Monaco, Tours, Toulon | E8: All-time league ranking | F8: 99 | G8: 98 | H8: 93 | I8: =ROUND(F8*0.55+G8*0.3+H8*0.15,0) -> 98 | J8: Ranked for Ligue 1 impact: prime level first, then league legacy/legend status, with longevity as a supporting factor.
A9: 8 | B9: Bernard Lacombe | C9: ST | D9: Lyon, Saint-Etienne, Bordeaux | E9: All-time league ranking | F9: 99 | G9: 98 | H9: 93 | I9: =ROUND(F9*0.55+G9*0.3+H9*0.15,0) -> 98 | J9: Ranked for Ligue 1 impact: prime level first, then league legacy/legend status, with longevity as a supporting factor.
A10: 9 | B10: Alain Giresse | C10: CM/AM | D10: Bordeaux, Marseille | E10: All-time league ranking | F10: 98 | G10: 97 | H10: 92 | I10: =ROUND(F10*0.55+G10*0.3+H10*0.15,0) -> 97 | J10: Ranked for Ligue 1 impact: prime level first, then league legacy/legend status, with longevity as a supporting factor.
A11: 10 | B11: Juninho Pernambucano | C11: CM/AM | D11: Lyon | E11: All-time league ranking | F11: 98 | G11: 97 | H11: 92 | I11: =ROUND(F11*0.55+G11*0.3+H11*0.15,0) -> 97 | J11: Ranked for Ligue 1 impact: prime level first, then league legacy/legend status, with longevity as a supporting factor.
A12: 11 | B12: Zlatan Ibrahimovic | C12: ST | D12: Paris Saint-Germain | E12: All-time league ranking | F12: 97 | G12: 96 | H12: 91 | I12: =ROUND(F12*0.55+G12*0.3+H12*0.15,0) -> 96 | J12: Ranked for Ligue 1 impact: prime level first, then league legacy/legend status, with longevity as a supporting factor.
A13: 12 | B13: Edinson Cavani | C13: ST | D13: Paris Saint-Germain | E13: All-time league ranking | F13: 97 | G13: 96 | H13: 91 | I13: =ROUND(F13*0.55+G13*0.3+H13*0.15,0) -> 96 | J13: Ranked for Ligue 1 impact: prime level first, then league legacy/legend status, with longevity as a supporting factor.
... A201: 200 | B201: Mickael Pagis | C201: ST | D201: Laval, Strasbourg, Marseille, Rennes | E201: All-time league ranking | F201: 79 | G201: 79 | H201: 85 | I201: =ROUND(F201*0.55+G201*0.3+H201*0.15,0) -> 80 | J201: Ranked for Ligue 1 impact: prime level first, then league legacy/legend status, with longevity as a supporting factor.

Sheet Methodology
A1: Methodology / changes made
A2: Category | B2: Description
A3: Refinement | B3: Generic position values were replaced with the players normal/common role for the relevant league clubs.
A4: Club field | B4: Generic club values were replaced with the domestic league clubs most associated with each player.
A5: Rating basis | B5: Overall Rating = 55% Prime Score + 30% Legacy Score + 15% Longevity Score.
A6: Scope | B6: Ranking is based on league impact only: La Liga, Serie A and Ligue 1 respectively.
A7: Note | B7: This remains subjective and debate-friendly rather than a strict statistical model.

Sheet Sources
A1: Sources and reference points used
A2: League | B2: Source / reference point | C2: URL | D2: Used for
A3: All | B3: Transfermarkt player profiles | C3: https://www.transfermarkt.com/ | D3: Main position and club history cross-checking
A4: All | B4: Wikipedia player infoboxes / senior career sections | C4: https://en.wikipedia.org/ | D4: Position and senior club history cross-checking
A5: La Liga | B5: La Liga all-time scorers | C5: https://en.wikipedia.org/wiki/List_of_La_Liga_top_scorers | D5: Historic goalscoring/clubs context
A6: Serie A | B6: Serie A all-time top goalscorers | C6: https://www.transfermarkt.com/serie-a/ewigetorschuetzenliste/pokalwettbewerb/IT1 | D6: Historic goalscoring/clubs context
A7: Ligue 1 | B7: Ligue 1 all-time top scorers | C7: https://en.wikipedia.org/wiki/List_of_Ligue_1_top_scorers | D7: Historic goalscoring/clubs context
