Workbook

Sheet Summary
A1: Premier League Top 200 Summary
A2: Metric | B2: Value | D2: Top 20 Players | E2: Rating
A3: Number of players | B3: =COUNTA('Top 200'!B2:B201) -> 200
A4: Average overall rating | B4: =ROUND(AVERAGE('Top 200'!I2:I201),1) -> 86.9
A5: Top rated player | B5: =INDEX('Top 200'!B2:B201,MATCH(MAX('Top 200'!I2:I201),'Top 200'!I2:I201,0)) -> Thierry Henry
A6: Highest rating | B6: =MAX('Top 200'!I2:I201) -> 99
A7: Players rated 90+ | B7: =COUNTIF('Top 200'!I2:I201,">=90") -> 54

Sheet Top 200
A1: Rank | B1: Player | C1: Primary Position | D1: Main Premier League Club(s) | E1: Premier League Era | F1: Prime Score | G1: Legacy Score | H1: Longevity Score | I1: Overall Rating | J1: Short rationale
A2: 1 | B2: Thierry Henry | C2: ST/LW | D2: Arsenal | E2: 1999-2007, 2012 | F2: 100 | G2: 100 | H2: 92 | I2: =ROUND(F2*0.55+G2*0.3+H2*0.15,0) -> 99 | J2: Peak-level all-round forward: goals, assists, aura and Invincibles legacy.
A3: 2 | B3: Alan Shearer | C3: ST | D3: Blackburn Rovers, Newcastle United | E3: 1992-2006 | F3: 99 | G3: 100 | H3: 98 | I3: =ROUND(F3*0.55+G3*0.3+H3*0.15,0) -> 99 | J3: Premier League benchmark goalscorer and title winner with Blackburn.
A4: 3 | B4: Mohamed Salah | C4: RW | D4: Liverpool | E4: 2017-present | F4: 99 | G4: 97 | H4: 93 | I4: =ROUND(F4*0.55+G4*0.3+H4*0.15,0) -> 98 | J4: Record-breaking wide forward with elite output, consistency and title-winning legacy.
A5: 4 | B5: Steven Gerrard | C5: CM/AM | D5: Liverpool | E5: 1998-2015 | F5: 98 | G5: 98 | H5: 95 | I5: =ROUND(F5*0.55+G5*0.3+H5*0.15,0) -> 98 | J5: Complete talismanic midfielder with iconic peak and extraordinary influence.
A6: 5 | B6: Wayne Rooney | C6: ST/SS/AM | D6: Everton, Manchester United | E6: 2002-2018 | F6: 97 | G6: 99 | H6: 97 | I6: =ROUND(F6*0.55+G6*0.3+H6*0.15,0) -> 98 | J6: Teenage phenomenon turned complete forward and all-time great league contributor.
A7: 6 | B7: Frank Lampard | C7: CM | D7: West Ham United, Chelsea, Manchester City | E7: 1995-2015 | F7: 96 | G7: 100 | H7: 99 | I7: =ROUND(F7*0.55+G7*0.3+H7*0.15,0) -> 98 | J7: Unmatched goalscoring midfielder with huge longevity and Chelsea dynasty legacy.
A8: 7 | B8: Cristiano Ronaldo | C8: RW/LW/ST | D8: Manchester United | E8: 2003-2009, 2021-2022 | F8: 100 | G8: 98 | H8: 82 | I8: =ROUND(F8*0.55+G8*0.3+H8*0.15,0) -> 97 | J8: Devastating 2006-09 prime, Ballon d Or-level peak and global superstar status.
A9: 8 | B9: Kevin De Bruyne | C9: CM/AM | D9: Manchester City | E9: 2015-present | F9: 99 | G9: 97 | H9: 91 | I9: =ROUND(F9*0.55+G9*0.3+H9*0.15,0) -> 97 | J9: Premier League-defining creator in Guardiola-era City, with longevity at elite level.
A10: 9 | B10: Roy Keane | C10: CM | D10: Nottingham Forest, Manchester United | E10: 1992-2005 | F10: 97 | G10: 99 | H10: 91 | I10: =ROUND(F10*0.55+G10*0.3+H10*0.15,0) -> 97 | J10: Dominant leader and competitive heartbeat of Manchester United supremacy.
A11: 10 | B11: Sergio Aguero | C11: ST | D11: Manchester City | E11: 2011-2021 | F11: 96 | G11: 98 | H11: 91 | I11: =ROUND(F11*0.55+G11*0.3+H11*0.15,0) -> 96 | J11: Elite finisher, iconic title moment and long spell as City talisman.
A12: 11 | B12: Paul Scholes | C12: CM | D12: Manchester United | E12: 1994-2013 | F12: 96 | G12: 97 | H12: 94 | I12: =ROUND(F12*0.55+G12*0.3+H12*0.15,0) -> 96 | J12: Peer-revered midfield controller with elite technique and trophy legacy.
A13: 12 | B13: John Terry | C13: CB | D13: Chelsea | E13: 1998-2017 | F13: 94 | G13: 98 | H13: 96 | I13: =ROUND(F13*0.55+G13*0.3+H13*0.15,0) -> 96 | J13: Premier League era defensive leader and captain of elite Chelsea sides.
... A201: 200 | B201: Raphinha | C201: RW | D201: Leeds United | E201: 2020-2022 | F201: 86 | G201: 79 | H201: 50 | I201: =ROUND(F201*0.55+G201*0.3+H201*0.15,0) -> 79 | J201: Electric Leeds winger with short but standout Premier League spell.

Sheet Methodology
A1: Premier League Top 200 - Rating Methodology
A2: Category | B2: Description
A3: Scope | B3: Premier League era only (1992 onwards); players assessed mainly on Premier League performance, not full career.
A4: Prime Score (55%) | B4: How dominant the player was at their best in the Premier League.
A5: Legacy Score (30%) | B5: Titles, awards, iconic moments, influence, club/league legendary status and historical reputation.
A6: Longevity Score (15%) | B6: Sustained value, appearances, multi-season consistency and durability.
A7: Overall formula | B7: =ROUND(Prime*55% + Legacy*30% + Longevity*15%, 0) -> #NAME?
A8: Important note | B8: This is intentionally subjective and tuned for football debate rather than a purely statistical model.

Sheet Sources
A1: Sources and reference points used
A2: Source | B2: What it was used for | C2: URL | D2: Notes
A3: Premier League official Hall of Fame | B3: Cross-checking legendary status and official league recognition | C3: https://www.premierleague.com/en/events/hall-of-fame/inductees | D3: Plain text URL for traceability.
A4: Premier League official all-time stats | B4: Cross-checking major all-time records for appearances, goals, assists and clean sheets | C4: https://www.premierleague.com/en/stats/all-time | D4: Official Premier League stats centre.
A5: Premier League official top player stats | B5: Reference for all-time appearances and player stat categories | C5: https://www.premierleague.com/en/stats/top/players?statMetric=appearances&season=all | D5: Official Premier League stats centre.
A6: Premier League Hall of Fame overview | B6: Reference for Hall of Fame status and criteria | C6: https://www.premierleague.com/en/events/hall-of-fame/overview | D6: Official Premier League Hall of Fame overview.
